decision_date,trend20,trend60,rv20,p_expand,model_data_cutoff,spot,rv20_rank,vol_regime,run_timestamp_ist
2026-09-21,,,0.0732650152053686,,2026-09-18,23346.400390625,0.1071428571428571,low,2026-09-21T15:04:45.319480+05:30
2026-09-22,,,0.07463215587832,,2026-09-21,23414.30078125,0.1507936507936507,low,2026-09-22T14:29:00.579337+05:30
2026-09-23,,,0.07463215587832,,2026-09-21,23414.30078125,0.1507936507936507,low,2026-09-23T14:31:39.685418+05:30
2026-09-24,,,0.075458691373567,,2026-09-23,23446.80078125,0.1587301587301587,low,2026-09-24T14:27:46.461050+05:30
2026-09-25,,,0.0882690335627382,,2026-09-24,23063.099609375,0.4365079365079365,medium,2026-09-25T14:49:07.583912+05:30
2026-09-28,,,0.0926856868463056,,2026-09-25,23140.5,0.4523809523809524,medium,2026-09-28T15:57:29.100104+05:30
2026-09-29,,,0.1020901033890672,,2026-09-28,22780.25,0.4880952380952381,medium,2026-09-29T15:51:55.148339+05:30
2026-09-30,,,0.1020257581405619,,2026-09-29,22716.19921875,0.4841269841269841,medium,2026-09-30T15:45:02.784292+05:30
2026-10-01,,,0.1018703738483536,,2026-09-30,22620.44921875,0.4761904761904761,medium,2026-10-01T16:11:09.464266+05:30
2026-10-05,,,0.1034568344164491,,2026-10-01,22421.94921875,0.503968253968254,medium,2026-10-05T16:37:39.789018+05:30
2026-10-06,,,0.10839732144477209,,2026-10-05,22555.75,0.5238095238095238,medium,2026-10-06T16:29:18.838415+05:30
