split,expiry,entry_date,strategy,regime,rv20,rv20_rank,spot,p20,p35,p65,p80,strikes_json,entry_cashflow_points,mc_ev_gross,mc_ev_net,mc_pop,es95_points,es99_points,risk_points_per_lot,risk_budget_inr,estimated_risk_inr_per_lot,recommended_lots,contract_count,eligible,eligibility_reason,slippage_points_per_leg,entry_cost_inr_expected,entry_cost_inr_entry_only,legs_json,cpcv_frequency,status,expiry_spot,realized_pnl_points_per_unit,realized_cost_inr_per_lot,realized_pnl_inr_per_lot,forced_per_lot_evaluation,exit_spot,realized_pnl_inr,primary_strategy,signal,lots
development,2024-01-05,2024-01-02,Risk Reversal,high,0.11606320822148102,0.8015873015873016,72172.12,71379.2657837405,71907.02273372187,72748.80660897575,73253.64105043001,"{""c65"": 72700.0, ""p35"": 71900.0}",52.80000000000001,47.702858888523586,45.86831047950252,0.6704,2132.590879603571,3130.1315633002982,3130.1315633002982,2000.0,62602.63126600596,1.0,2.0,True,eligible,1.0,36.690968180420306,29.592475040000004,"[{""expiry"": ""2024-01-05"", ""option_type"": ""CE"", ""premium_points"": 211.8, ""qty"": 1, ""quantity_per_lot"": 1, ""raw_open"": 210.8, ""side"": ""BUY"", ""strike"": 72700.0}, {""expiry"": ""2024-01-05"", ""option_type"": ""PE"", ""premium_points"": 264.6, ""qty"": -1, ""quantity_per_lot"": 1, ""raw_open"": 265.6, ""side"": ""SELL"", ""strike"": 71900.0}]",5.0,CLOSED,72026.15,52.80000000000001,29.592475040000004,1026.4075249600003,True,72026.15,1026.4075249600003,Risk Reversal,ENTER,1.0
development,2024-01-12,2024-01-09,Long Synthetic Future,high,0.11234755291538256,0.7420634920634921,71849.59,71113.98632691246,71613.8827949209,72430.9485480098,72889.76427267972,"{""atm"": 71800.0}",-114.5,98.66179766718133,96.4293259572654,0.54,2318.0573271960807,3173.618352247103,3173.618352247103,2000.0,63472.36704494206,1.0,2.0,True,eligible,1.0,44.64943419831881,30.70407076,"[{""expiry"": ""2024-01-12"", ""option_type"": ""CE"", ""premium_points"": 414.3, ""qty"": 1, ""quantity_per_lot"": 1, ""raw_open"": 413.3, ""side"": ""BUY"", ""strike"": 71800.0}, {""expiry"": ""2024-01-12"", ""option_type"": ""PE"", ""premium_points"": 299.8, ""qty"": -1, ""quantity_per_lot"": 1, ""raw_open"": 300.8, ""side"": ""SELL"", ""strike"": 71800.0}]",3.0,CLOSED,72568.45,653.9499999999971,49.91532075999993,13029.084679239942,True,72568.45,13029.084679239942,Long Synthetic Future,ENTER,1.0
development,2024-01-19,2024-01-16,Put Ratio Spread,medium,0.10365534425834147,0.623015873015873,73214.44,72441.38625948361,72987.59649430432,73814.10994142172,74293.34996935942,"{""atm"": 73200.0, ""p35"": 73000.0}",272.75,49.78928305201373,47.337464189713806,0.7804,1793.3870419498357,2806.016582856437,2806.016582856437,2000.0,56120.331657128736,1.0,3.0,True,eligible,1.0,49.03637724599856,39.56051682,"[{""expiry"": ""2024-01-19"", ""option_type"": ""PE"", ""premium_points"": 442.35, ""qty"": 1, ""quantity_per_lot"": 1, ""raw_open"": 441.35, ""side"": ""BUY"", ""strike"": 73200.0}, {""expiry"": ""2024-01-19"", ""option_type"": ""PE"", ""premium_points"": 357.55, ""qty"": -2, ""quantity_per_lot"": 2, ""raw_open"": 358.55, ""side"": ""SELL"", ""strike"": 73000.0}]",4.0,CLOSED,71683.23,-844.0200000000041,77.4797668200001,-16957.879766820082,True,71683.23,-16957.879766820082,Put Ratio Spread,ENTER,1.0
development,2024-01-25,2024-01-20,Sell Put,high,0.12676329437328096,0.9642857142857143,71847.66,71107.41430919903,71609.8632071653,72418.71808466397,72894.99778976609,"{""atm"": 71800.0}",423.9,69.79055842794318,68.75114812594315,0.7218,1924.6985204646835,2853.892812068712,2853.892812068712,2000.0,57077.85624137424,1.0,1.0,True,eligible,1.0,20.788206040000002,20.788206040000002,"[{""expiry"": ""2024-01-25"", ""option_type"": ""PE"", ""premium_points"": 423.9, ""qty"": -1, ""quantity_per_lot"": 1, ""raw_open"": 424.9, ""side"": ""SELL"", ""strike"": 71800.0}]",5.0,CLOSED,70700.67,-675.4300000000018,20.788206040000002,-13529.388206040036,True,70700.67,-13529.388206040036,Sell Put,ENTER,1.0
development,2024-02-02,2024-01-30,Batman,high,0.15125057192325428,1.0,71777.73,70985.80614632956,71495.82227543935,72357.91632937745,72834.70198675021,"{""c65"": 72400.0, ""c80"": 72800.0, ""p20"": 71000.0, ""p35"": 71500.0}",451.74999999999994,415.586370593043,410.87528183168797,0.8908,1107.8319478862268,2093.4520699668037,2093.4520699668037,2000.0,41869.04139933607,1.0,6.0,True,eligible,1.0,94.22177522709994,81.0800813,"[{""expiry"": ""2024-02-02"", ""option_type"": ""PE"", ""premium_points"": 569.95, ""qty"": 1, ""quantity_per_lot"": 1, ""raw_open"": 568.95, ""side"": ""BUY"", ""strike"": 71500.0}, {""expiry"": ""2024-02-02"", ""option_type"": ""PE"", ""premium_points"": 403.0, ""qty"": -2, ""quantity_per_lot"": 2, ""raw_open"": 404.0, ""side"": ""SELL"", ""strike"": 71000.0}, {""expiry"": ""2024-02-02"", ""option_type"": ""CE"", ""premium_points"": 486.3, ""qty"": 1, ""quantity_per_lot"": 1, ""raw_open"": 485.3, ""side"": ""BUY"", ""strike"": 72400.0}, {""expiry"": ""2024-02-02"", ""option_type"": ""CE"", ""premium_points"": 351.0, ""qty"": -2, ""quantity_per_lot"": 2, ""raw_open"": 352.0, ""side"": ""SELL"", ""strike"": 72800.0}]",2.0,CLOSED,72085.63,451.74999999999994,81.0800813,8953.919918699998,True,72085.63,8953.919918699998,Batman,ENTER,1.0
development,2024-02-09,2024-02-06,Sell Put,high,0.1566767566465073,0.996031746031746,71813.7,71047.76046595885,71543.60812468511,72376.294141029,72852.29279462034,"{""atm"": 71800.0}",574.0,195.01717552332389,193.81863220332394,0.747,1817.694823662954,2832.895490662714,2832.895490662714,2000.0,56657.909813254286,1.0,1.0,True,eligible,1.0,23.970866400000002,23.970866400000002,"[{""expiry"": ""2024-02-09"", ""option_type"": ""PE"", ""premium_points"": 574.0, ""qty"": -1, ""quantity_per_lot"": 1, ""raw_open"": 575.0, ""side"": ""SELL"", ""strike"": 71800.0}]",5.0,CLOSED,71595.49,369.49000000000524,23.970866400000002,7365.829133600105,True,71595.49,7365.829133600105,Sell Put,ENTER,1.0
development,2024-02-16,2024-02-13,Sell Put,high,0.15408174023703014,0.9642857142857143,71006.64,70241.11562870779,70746.08403036618,71549.72489149832,72017.99742455875,"{""atm"": 71000.0}",534.6,159.12208687974103,157.965314651741,0.7416,1845.0064262016717,2894.6422889020614,2894.6422889020614,2000.0,57892.84577804123,1.0,1.0,True,eligible,1.0,23.13544456,23.13544456,"[{""expiry"": ""2024-02-16"", ""option_type"": ""PE"", ""premium_points"": 534.6, ""qty"": -1, ""quantity_per_lot"": 1, ""raw_open"": 535.6, ""side"": ""SELL"", ""strike"": 71000.0}]",5.0,CLOSED,72426.64,534.6,23.13544456,10668.86455544,True,72426.64,10668.86455544,Sell Put,ENTER,1.0
development,2024-02-23,2024-02-20,Sell Put,high,0.12737448008764424,0.9007936507936508,72617.27,71828.5150321985,72369.44522520556,73179.55721203856,73659.10932597563,"{""atm"": 72600.0}",528.05,150.56851261014344,149.41868456114338,0.7404,1854.943265433699,2751.6919454640097,2751.6919454640097,2000.0,55033.838909280195,1.0,1.0,True,eligible,1.0,22.996560979999998,22.996560979999998,"[{""expiry"": ""2024-02-23"", ""option_type"": ""PE"", ""premium_points"": 528.05, ""qty"": -1, ""quantity_per_lot"": 1, ""raw_open"": 529.05, ""side"": ""SELL"", ""strike"": 72600.0}]",5.0,CLOSED,73142.8,528.05,22.996560979999998,10538.00343902,True,73142.8,10538.00343902,Sell Put,ENTER,1.0
development,2024-03-01,2024-02-27,Short Straddle,medium,0.09668809888844578,0.5238095238095238,72809.95,72046.44013302312,72552.84178690966,73369.93215121112,73845.99815601646,"{""atm"": 72800.0}",1120.4499999999998,233.37878337692217,231.01090469592222,0.692,1688.8520010018965,2498.414785412333,2498.414785412333,2000.0,49968.29570824666,1.0,2.0,True,eligible,1.0,47.35757361999999,47.35757361999999,"[{""expiry"": ""2024-03-01"", ""option_type"": ""CE"", ""premium_points"": 619.8, ""qty"": -1, ""quantity_per_lot"": 1, ""raw_open"": 620.8, ""side"": ""SELL"", ""strike"": 72800.0}, {""expiry"": ""2024-03-01"", ""option_type"": ""PE"", ""premium_points"": 500.65, ""qty"": -1, ""quantity_per_lot"": 1, ""raw_open"": 501.65, ""side"": ""SELL"", ""strike"": 72800.0}]",4.0,CLOSED,73745.35,175.099999999994,47.35757361999999,3454.64242637988,True,73745.35,3454.64242637988,Short Straddle,ENTER,1.0
development,2024-03-07,2024-03-04,Short Straddle,medium,0.10565334822636711,0.6507936507936508,73825.51,73037.97111859817,73546.66283525176,74357.55300457442,74834.80567093544,"{""atm"": 73800.0}",1042.7,148.45651751745763,146.17106783145763,0.6596,1853.4154890341322,2783.807952643858,2783.807952643858,2000.0,55676.159052877156,1.0,2.0,True,eligible,1.0,45.708993719999995,45.708993719999995,"[{""expiry"": ""2024-03-07"", ""option_type"": ""CE"", ""premium_points"": 566.7, ""qty"": -1, ""quantity_per_lot"": 1, ""raw_open"": 567.7, ""side"": ""SELL"", ""strike"": 73800.0}, {""expiry"": ""2024-03-07"", ""option_type"": ""PE"", ""premium_points"": 476.0, ""qty"": -1, ""quantity_per_lot"": 1, ""raw_open"": 477.0, ""side"": ""SELL"", ""strike"": 73800.0}]",4.0,CLOSED,74119.39,723.3100000000006,45.708993719999995,14420.491006280012,True,74119.39,14420.491006280012,Short Straddle,ENTER,1.0
development,2024-03-15,2024-03-12,Put Ratio Spread,medium,0.09861727891554543,0.5833333333333334,73587.94,72809.91792199845,73318.71588530362,74147.36543944138,74617.31197353198,"{""atm"": 73600.0, ""p35"": 73300.0}",168.50000000000006,15.770701997419662,13.458714308051137,0.7952,1638.9708216430722,2617.6477391256094,2617.6477391256094,2000.0,52352.954782512184,1.0,3.0,True,eligible,1.0,46.239753787371036,36.472316840000005,"[{""expiry"": ""2024-03-15"", ""option_type"": ""PE"", ""premium_points"": 404.2, ""qty"": 1, ""quantity_per_lot"": 1, ""raw_open"": 403.2, ""side"": ""BUY"", ""strike"": 73600.0}, {""expiry"": ""2024-03-15"", ""option_type"": ""PE"", ""premium_points"": 286.35, ""qty"": -2, ""quantity_per_lot"": 2, ""raw_open"": 287.35, ""side"": ""SELL"", ""strike"": 73300.0}]",4.0,CLOSED,72643.43,-188.07000000000693,60.386566840000185,-3821.786566840139,True,72643.43,-3821.786566840139,Put Ratio Spread,ENTER,1.0
development,2024-03-22,2024-03-19,Sell Put,high,0.1091377975213752,0.7103174603174603,72358.77,71613.30284708424,72099.93338348928,72908.28157187546,73380.69285149925,"{""atm"": 72400.0}",439.75,48.07047611273311,47.01426195773313,0.6974,1882.9678204302566,2849.2277046013187,2849.2277046013187,2000.0,56984.554092026374,1.0,1.0,True,eligible,1.0,21.124283099999996,21.124283099999996,"[{""expiry"": ""2024-03-22"", ""option_type"": ""PE"", ""premium_points"": 439.75, ""qty"": -1, ""quantity_per_lot"": 1, ""raw_open"": 440.75, ""side"": ""SELL"", ""strike"": 72400.0}]",5.0,CLOSED,72831.94,439.75,21.124283099999996,8773.8757169,True,72831.94,8773.8757169,Sell Put,ENTER,1.0
development,2024-03-28,2024-03-22,Sell Put,high,0.11188069512894155,0.746031746031746,72214.71,71456.41158397259,71952.89346082974,72749.41782570588,73215.11314576169,"{""atm"": 72200.0}",407.0,44.08839547596478,43.06690221596478,0.7016,1821.730671461476,2660.2338919482304,2660.2338919482304,2000.0,53204.677838964606,1.0,1.0,True,eligible,1.0,20.429865200000002,20.429865200000002,"[{""expiry"": ""2024-03-28"", ""option_type"": ""PE"", ""premium_points"": 407.0, ""qty"": -1, ""quantity_per_lot"": 1, ""raw_open"": 408.0, ""side"": ""SELL"", ""strike"": 72200.0}]",5.0,CLOSED,73651.35,407.0,20.429865200000002,8119.5701348,True,73651.35,8119.5701348,Sell Put,ENTER,1.0
development,2024-04-05,2024-04-02,Long Synthetic Future,high,0.11204332865320128,0.753968253968254,73911.85,73166.09905156898,73637.22008737556,74427.17824178048,74892.79456718144,"{""atm"": 73900.0}",-43.69999999999999,68.0433596325718,65.8044635613573,0.5342,2416.8391445692064,3485.221916686521,3485.221916686521,2000.0,69704.43833373042,1.0,2.0,True,eligible,1.0,44.777921424289644,32.60676128,"[{""expiry"": ""2024-04-05"", ""option_type"": ""CE"", ""premium_points"": 431.75, ""qty"": 1, ""quantity_per_lot"": 1, ""raw_open"": 430.75, ""side"": ""BUY"", ""strike"": 73900.0}, {""expiry"": ""2024-04-05"", ""option_type"": ""PE"", ""premium_points"": 388.05, ""qty"": -1, ""quantity_per_lot"": 1, ""raw_open"": 389.05, ""side"": ""SELL"", ""strike"": 73900.0}]",3.0,CLOSED,74248.22,304.5200000000012,41.31226128000003,6049.0877387200235,True,74248.22,6049.0877387200235,Long Synthetic Future,ENTER,1.0
development,2024-04-12,2024-04-08,Put Ratio Spread,medium,0.09575939543737147,0.5277777777777778,74484.61,73734.95943514263,74220.1085779819,75038.67218727105,75495.21129967463,"{""atm"": 74500.0, ""p35"": 74200.0}",214.49999999999994,65.33825657458068,62.90394644269341,0.8122,1550.0713359935698,2483.8078402137207,2483.8078402137207,2000.0,49676.15680427442,1.0,3.0,True,eligible,1.0,48.68620263774444,39.01447276,"[{""expiry"": ""2024-04-12"", ""option_type"": ""PE"", ""premium_points"": 472.3, ""qty"": 1, ""quantity_per_lot"": 1, ""raw_open"": 471.3, ""side"": ""BUY"", ""strike"": 74500.0}, {""expiry"": ""2024-04-12"", ""option_type"": ""PE"", ""premium_points"": 343.4, ""qty"": -2, ""quantity_per_lot"": 2, ""raw_open"": 344.4, ""side"": ""SELL"", ""strike"": 74200.0}]",4.0,CLOSED,74244.9,469.60000000000576,45.391972760000144,9346.608027240114,True,74244.9,9346.608027240114,Put Ratio Spread,ENTER,1.0
development,2024-04-19,2024-04-15,Short Straddle,medium,0.10077021999901124,0.6428571428571429,73618.19,72883.0505779031,73360.34089107509,74192.28283933246,74657.45687722879,"{""atm"": 73600.0}",1148.8,264.15808497820063,261.7601501942006,0.713,1617.085714415478,2307.5916476521597,2307.5916476521597,2000.0,46151.832953043195,1.0,2.0,True,eligible,1.0,47.95869568,47.95869568,"[{""expiry"": ""2024-04-19"", ""option_type"": ""CE"", ""premium_points"": 639.8, ""qty"": -1, ""quantity_per_lot"": 1, ""raw_open"": 640.8, ""side"": ""SELL"", ""strike"": 73600.0}, {""expiry"": ""2024-04-19"", ""option_type"": ""PE"", ""premium_points"": 509.0, ""qty"": -1, ""quantity_per_lot"": 1, ""raw_open"": 510.0, ""side"": ""SELL"", ""strike"": 73600.0}]",4.0,CLOSED,73088.33,637.1300000000017,47.95869568,12694.641304320035,True,73088.33,12694.641304320035,Short Straddle,ENTER,1.0
development,2024-04-26,2024-04-23,Strip,medium,0.10039035365827896,0.6349206349206349,73878.93,73139.19059659822,73642.0999512479,74428.45474827477,74914.81668376466,"{""atm"": 73900.0}",-1219.7,36.33948242460384,33.47944052557309,0.3858,1183.0324558496538,1214.939043488797,1214.939043488797,2000.0,24298.780869775943,1.0,3.0,True,eligible,1.0,57.20083798061509,25.79985092,"[{""expiry"": ""2024-04-26"", ""option_type"": ""CE"", ""premium_points"": 371.7, ""qty"": 1, ""quantity_per_lot"": 1, ""raw_open"": 370.7, ""side"": ""BUY"", ""strike"": 73900.0}, {""expiry"": ""2024-04-26"", ""option_type"": ""PE"", ""premium_points"": 424.0, ""qty"": 2, ""quantity_per_lot"": 2, ""raw_open"": 423.0, ""side"": ""BUY"", ""strike"": 73900.0}]",3.0,CLOSED,73730.16,-880.020000000007,34.291850919999824,-17634.69185092014,True,73730.16,-17634.69185092014,Strip,ENTER,1.0
development,2024-05-03,2024-04-29,Batman,high,0.10276368751042009,0.6785714285714286,74158.67,73420.3489916276,73925.54661188311,74719.09566599716,75159.18969642835,"{""c65"": 74700.0, ""c80"": 75200.0, ""p20"": 73400.0, ""p35"": 73900.0}",4.800000000000011,28.271828333243857,24.623970194480417,0.8154,1291.586085507573,2099.9792212270386,2099.9792212270386,2000.0,41999.58442454077,1.0,6.0,True,eligible,1.0,72.95716277526857,60.15820063999999,"[{""expiry"": ""2024-05-03"", ""option_type"": ""PE"", ""premium_points"": 281.95, ""qty"": 1, ""quantity_per_lot"": 1, ""raw_open"": 280.95, ""side"": ""BUY"", ""strike"": 73900.0}, {""expiry"": ""2024-05-03"", ""option_type"": ""PE"", ""premium_points"": 147.8, ""qty"": -2, ""quantity_per_lot"": 2, ""raw_open"": 148.8, ""side"": ""SELL"", ""strike"": 73400.0}, {""expiry"": ""2024-05-03"", ""option_type"": ""CE"", ""premium_points"": 276.85, ""qty"": 1, ""quantity_per_lot"": 1, ""raw_open"": 275.85, ""side"": ""BUY"", ""strike"": 74700.0}, {""expiry"": ""2024-05-03"", ""option_type"": ""CE"", ""premium_points"": 134.0, ""qty"": -2, ""quantity_per_lot"": 2, ""raw_open"": 135.0, ""side"": ""SELL"", ""strike"": 75200.0}]",2.0,CLOSED,73878.15,26.650000000005832,60.70445064000013,472.2955493601165,True,73878.15,472.2955493601165,Batman,ENTER,1.0
development,2024-05-10,2024-05-07,Long Synthetic Future,high,0.11047089381182582,0.7777777777777778,74001.39,73294.39072436177,73779.72916616229,74535.37488069486,75021.71964576335,"{""atm"": 74000.0}",-52.19999999999999,90.39981939474009,88.09566295704967,0.5458,2384.323770792329,3348.3710677108797,3348.3710677108797,2000.0,66967.4213542176,1.0,2.0,True,eligible,1.0,46.08312875380651,33.55963528,"[{""expiry"": ""2024-05-10"", ""option_type"": ""CE"", ""premium_points"": 481.0, ""qty"": 1, ""quantity_per_lot"": 1, ""raw_open"": 480.0, ""side"": ""BUY"", ""strike"": 74000.0}, {""expiry"": ""2024-05-10"", ""option_type"": ""PE"", ""premium_points"": 428.8, ""qty"": -1, ""quantity_per_lot"": 1, ""raw_open"": 429.8, ""side"": ""SELL"", ""strike"": 74000.0}]",3.0,CLOSED,72664.47,-1387.7299999999989,33.55963528,-27788.159635279975,True,72664.47,-27788.159635279975,Long Synthetic Future,ENTER,1.0
development,2024-05-17,2024-05-14,Sell Put,high,0.11736407163029824,0.8968253968253969,72836.6,72139.11821308103,72585.59569689054,73358.55245771153,73810.37402926991,"{""atm"": 72800.0}",407.0,69.1764435092144,68.1549502492144,0.7226,1734.109380140782,2627.6897599291133,2627.6897599291133,2000.0,52553.795198582266,1.0,1.0,True,eligible,1.0,20.429865200000002,20.429865200000002,"[{""expiry"": ""2024-05-17"", ""option_type"": ""PE"", ""premium_points"": 407.0, ""qty"": -1, ""quantity_per_lot"": 1, ""raw_open"": 408.0, ""side"": ""SELL"", ""strike"": 72800.0}]",5.0,CLOSED,73917.03,407.0,20.429865200000002,8119.5701348,True,73917.03,8119.5701348,Sell Put,ENTER,1.0
development,2024-05-24,2024-05-21,Short Strangle,medium,0.10359244412447306,0.623015873015873,73869.29,73159.84103690718,73652.89784049231,74420.9835883213,74907.55556822543,"{""c65"": 74400.0, ""p35"": 73700.0}",704.8,160.6906970625819,158.76348219858187,0.682,1622.6039304175283,2561.1922980659397,2561.1922980659397,2000.0,51223.845961318795,1.0,2.0,True,eligible,1.0,38.544297279999995,38.544297279999995,"[{""expiry"": ""2024-05-24"", ""option_type"": ""PE"", ""premium_points"": 390.85, ""qty"": -1, ""quantity_per_lot"": 1, ""raw_open"": 391.85, ""side"": ""SELL"", ""strike"": 73700.0}, {""expiry"": ""2024-05-24"", ""option_type"": ""CE"", ""premium_points"": 313.95, ""qty"": -1, ""quantity_per_lot"": 1, ""raw_open"": 314.95, ""side"": ""SELL"", ""strike"": 74400.0}]",3.0,CLOSED,75410.39,-305.58999999999946,38.544297279999995,-6150.344297279989,True,75410.39,-6150.344297279989,Short Strangle,ENTER,1.0
development,2024-05-31,2024-05-28,Sell Put,high,0.108564849322581,0.6944444444444444,75532.92,74796.17097960567,75290.45902258843,76086.75889948699,76552.39211823586,"{""atm"": 75500.0}",419.85,66.36220594949918,65.32708937649923,0.7154,1828.7741543048533,2743.935829750027,2743.935829750027,2000.0,54878.716595000544,1.0,1.0,True,eligible,1.0,20.70233146,20.70233146,"[{""expiry"": ""2024-05-31"", ""option_type"": ""PE"", ""premium_points"": 419.85, ""qty"": -1, ""quantity_per_lot"": 1, ""raw_open"": 420.85, ""side"": ""SELL"", ""strike"": 75500.0}]",5.0,CLOSED,73961.31,-1118.8400000000024,20.70233146,-22397.502331460048,True,73961.31,-22397.502331460048,Sell Put,ENTER,1.0
development,2024-06-07,2024-06-04,Batman,high,0.15694227323253937,0.9880952380952381,73913.65,73169.13603074758,73646.41764823928,74414.28160002851,74869.21071707447,"{""c65"": 74400.0, ""c80"": 74900.0, ""p20"": 73200.0, ""p35"": 73600.0}",1987.25,1966.5213327839308,1958.5472575515337,0.9946,0.0,257.8624757231994,257.8624757231994,2000.0,5157.249514463988,1.0,6.0,True,eligible,1.0,159.48150464794097,146.9066203,"[{""expiry"": ""2024-06-07"", ""option_type"": ""PE"", ""premium_points"": 1201.0, ""qty"": 1, ""quantity_per_lot"": 1, ""raw_open"": 1200.0, ""side"": ""BUY"", ""strike"": 73600.0}, {""expiry"": ""2024-06-07"", ""option_type"": ""PE"", ""premium_points"": 1181.85, ""qty"": -2, ""quantity_per_lot"": 2, ""raw_open"": 1182.85, ""side"": ""SELL"", ""strike"": 73200.0}, {""expiry"": ""2024-06-07"", ""option_type"": ""CE"", ""premium_points"": 1301.25, ""qty"": 1, ""quantity_per_lot"": 1, ""raw_open"": 1300.25, ""side"": ""BUY"", ""strike"": 74400.0}, {""expiry"": ""2024-06-07"", ""option_type"": ""CE"", ""premium_points"": 1062.9, ""qty"": -2, ""quantity_per_lot"": 2, ""raw_open"": 1063.9, ""side"": ""SELL"", ""strike"": 74900.0}]",2.0,CLOSED,76693.36,693.8899999999994,204.2406203,13673.55937969999,True,76693.36,13673.55937969999,Batman,ENTER,1.0
development,2024-06-14,2024-06-11,Sell Put,high,0.2951793345379927,1.0,76555.38,75789.75347426819,76304.19094717657,77134.45854111668,77635.60852091876,"{""atm"": 76600.0}",603.55,185.51860955498884,184.28873791598886,0.7444,2122.50041048904,3590.217493793436,3590.217493793436,2000.0,71804.34987586872,1.0,1.0,True,eligible,1.0,24.597432780000002,24.597432780000002,"[{""expiry"": ""2024-06-14"", ""option_type"": ""PE"", ""premium_points"": 603.55, ""qty"": -1, ""quantity_per_lot"": 1, ""raw_open"": 604.55, ""side"": ""SELL"", ""strike"": 76600.0}]",5.0,CLOSED,76992.77,603.55,24.597432780000002,12046.40256722,True,76992.77,12046.40256722,Sell Put,ENTER,1.0
development,2024-06-21,2024-06-18,Long Synthetic Future,high,0.29377548503318485,0.9801587301587301,77134.89,76368.0148770384,76873.27062353637,77681.05737177728,78180.33717069143,"{""atm"": 77100.0}",-35.05000000000001,118.2586320357529,115.95598891079834,0.5508,2605.492296936417,4011.0888661165377,4011.0888661165377,2000.0,80221.77732233076,1.0,2.0,True,eligible,1.0,46.05286249909072,32.73955658,"[{""expiry"": ""2024-06-21"", ""option_type"": ""CE"", ""premium_points"": 429.55, ""qty"": 1, ""quantity_per_lot"": 1, ""raw_open"": 428.55, ""side"": ""BUY"", ""strike"": 77100.0}, {""expiry"": ""2024-06-21"", ""option_type"": ""PE"", ""premium_points"": 394.5, ""qty"": -1, ""quantity_per_lot"": 1, ""raw_open"": 395.5, ""side"": ""SELL"", ""strike"": 77100.0}]",3.0,CLOSED,77209.9,74.84999999999417,35.48705657999985,1461.5129434198834,True,77209.9,1461.5129434198834,Long Synthetic Future,ENTER,1.0
development,2024-06-28,2024-06-25,Long Synthetic Future,high,0.28956205814879804,0.9563492063492064,77505.0,76697.77169365057,77237.7474203603,78088.78920823903,78594.54846597304,"{""atm"": 77500.0}",27.350000000000023,169.66907342840216,167.3018739354864,0.5754,2588.475859115133,4154.810244196435,4154.810244196435,2000.0,83096.2048839287,1.0,2.0,True,eligible,1.0,47.34398985831447,33.745161859999996,"[{""expiry"": ""2024-06-28"", ""option_type"": ""CE"", ""premium_points"": 415.75, ""qty"": 1, ""quantity_per_lot"": 1, ""raw_open"": 414.75, ""side"": ""BUY"", ""strike"": 77500.0}, {""expiry"": ""2024-06-28"", ""option_type"": ""PE"", ""premium_points"": 443.1, ""qty"": -1, ""quantity_per_lot"": 1, ""raw_open"": 444.1, ""side"": ""SELL"", ""strike"": 77500.0}]",3.0,CLOSED,79032.73,1560.0799999999958,72.06341185999989,31129.53658813992,True,79032.73,31129.53658813992,Long Synthetic Future,ENTER,1.0
development,2024-07-05,2024-07-02,Long Synthetic Future,high,0.2861531852127274,0.9325396825396826,79503.66,78708.14604008052,79226.70455602427,80089.42304650547,80593.81805408695,"{""atm"": 79500.0}",3.8000000000000114,141.9374440369977,139.52499897885141,0.555,2666.0197319707295,4180.872165449538,4180.872165449538,2000.0,83617.44330899077,1.0,2.0,True,eligible,1.0,48.24890116292552,34.590587920000004,"[{""expiry"": ""2024-07-05"", ""option_type"": ""CE"", ""premium_points"": 474.2, ""qty"": 1, ""quantity_per_lot"": 1, ""raw_open"": 473.2, ""side"": ""BUY"", ""strike"": 79500.0}, {""expiry"": ""2024-07-05"", ""option_type"": ""PE"", ""premium_points"": 478.0, ""qty"": -1, ""quantity_per_lot"": 1, ""raw_open"": 479.0, ""side"": ""SELL"", ""strike"": 79500.0}]",3.0,CLOSED,79996.6,500.40000000000583,47.00558792000015,9960.994412080116,True,79996.6,9960.994412080116,Long Synthetic Future,ENTER,1.0
development,2024-07-12,2024-07-09,Buy Call,low,0.05834348378947759,0.003968253968253968,80119.61,79320.5532415342,79857.11232102956,80709.16818765957,81211.51830166153,"{""atm"": 80100.0}",-392.4,162.6041808960991,161.28503903797898,0.4206,393.71914185812017,393.71914185812017,393.71914185812017,2000.0,7874.382837162403,1.0,1.0,True,eligible,1.0,26.38283716240248,12.50773264,"[{""expiry"": ""2024-07-12"", ""option_type"": ""CE"", ""premium_points"": 392.4, ""qty"": 1, ""quantity_per_lot"": 1, ""raw_open"": 391.4, ""side"": ""BUY"", ""strike"": 80100.0}]",2.0,CLOSED,80519.34,26.93999999999653,22.991232639999915,515.8087673599307,True,80519.34,515.8087673599307,Buy Call,ENTER,1.0
development,2024-07-19,2024-07-15,Long Synthetic Future,low,0.06583448316048186,0.06349206349206349,80721.75,79936.14480747447,80473.78678923805,81309.32183842806,81826.87562869606,"{""atm"": 80700.0}",-15.300000000000011,158.4268835113818,155.99256051705984,0.5658,2713.4896678057676,4327.754310448488,4327.754310448488,2000.0,86555.08620896975,1.0,2.0,True,eligible,1.0,48.68645988644006,34.510000680000005,"[{""expiry"": ""2024-07-19"", ""option_type"": ""CE"", ""premium_points"": 488.3, ""qty"": 1, ""quantity_per_lot"": 1, ""raw_open"": 487.3, ""side"": ""BUY"", ""strike"": 80700.0}, {""expiry"": ""2024-07-19"", ""option_type"": ""PE"", ""premium_points"": 473.0, ""qty"": -1, ""quantity_per_lot"": 1, ""raw_open"": 474.0, ""side"": ""SELL"", ""strike"": 80700.0}]",4.0,CLOSED,80604.65,-110.65000000000583,34.510000680000005,-2247.5100006801163,True,80604.65,-2247.5100006801163,Long Synthetic Future,ENTER,1.0
development,2024-07-26,2024-07-23,Long Synthetic Future,low,0.07827392329041062,0.13095238095238096,80598.28,79824.99265465415,80343.12951472828,81205.61581240612,81699.16580619244,"{""atm"": 80600.0}",-7.150000000000091,142.35862844058587,139.58541051725945,0.556,2762.8460582352504,4479.832781954403,4479.832781954403,2000.0,89596.65563908806,1.0,2.0,True,eligible,1.0,55.46435846652718,41.605676499999994,"[{""expiry"": ""2024-07-26"", ""option_type"": ""CE"", ""premium_points"": 789.2, ""qty"": 1, ""quantity_per_lot"": 1, ""raw_open"": 788.2, ""side"": ""BUY"", ""strike"": 80600.0}, {""expiry"": ""2024-07-26"", ""option_type"": ""PE"", ""premium_points"": 782.05, ""qty"": -1, ""quantity_per_lot"": 1, ""raw_open"": 783.05, ""side"": ""SELL"", ""strike"": 80600.0}]",4.0,CLOSED,81332.72,725.5700000000011,59.92367650000003,14451.476323500021,True,81332.72,14451.476323500021,Long Synthetic Future,ENTER,1.0
development,2024-08-02,2024-07-30,Long Synthetic Future,low,0.08696141519022146,0.20238095238095238,81324.08,80539.54292490963,81092.70301194004,81934.30764101468,82457.730408759,"{""atm"": 81300.0}",-57.64999999999998,127.21764601911684,124.83820016069524,0.5524,2728.9235045511377,4222.448712548114,4222.448712548114,2000.0,84448.97425096227,1.0,2.0,True,eligible,1.0,47.58891716843314,33.156485659999994,"[{""expiry"": ""2024-08-02"", ""option_type"": ""CE"", ""premium_points"": 468.5, ""qty"": 1, ""quantity_per_lot"": 1, ""raw_open"": 467.5, ""side"": ""BUY"", ""strike"": 81300.0}, {""expiry"": ""2024-08-02"", ""option_type"": ""PE"", ""premium_points"": 410.85, ""qty"": -1, ""quantity_per_lot"": 1, ""raw_open"": 411.85, ""side"": ""SELL"", ""strike"": 81300.0}]",4.0,CLOSED,80981.95,-375.7000000000029,33.156485659999994,-7547.156485660058,True,80981.95,-7547.156485660058,Long Synthetic Future,ENTER,1.0
development,2024-08-09,2024-08-06,Sell Put,high,0.13769490401996076,0.8650793650793651,79640.96,78813.47320064534,79368.04603492693,80209.75638674211,80722.12148385892,"{""atm"": 79600.0}",572.75,177.8981021989963,176.70088410399626,0.7482,2095.8011760740264,3505.488872830883,3505.488872830883,2000.0,70109.77745661765,1.0,1.0,True,eligible,1.0,23.944361899999997,23.944361899999997,"[{""expiry"": ""2024-08-09"", ""option_type"": ""PE"", ""premium_points"": 572.75, ""qty"": -1, ""quantity_per_lot"": 1, ""raw_open"": 573.75, ""side"": ""SELL"", ""strike"": 79600.0}]",5.0,CLOSED,79705.91,572.75,23.944361899999997,11431.0556381,True,79705.91,11431.0556381,Sell Put,ENTER,1.0
development,2024-08-16,2024-08-12,Sell Put,high,0.1491269564119669,0.8650793650793651,79406.36,78649.5645717576,79181.05818731766,80018.08830906407,80541.80949606792,"{""atm"": 79400.0}",530.8,141.8612949984928,140.70855145449275,0.7464,2126.5493324518184,3548.65728317126,3548.65728317126,2000.0,70973.14566342521,1.0,1.0,True,eligible,1.0,23.05487088,23.05487088,"[{""expiry"": ""2024-08-16"", ""option_type"": ""PE"", ""premium_points"": 530.8, ""qty"": -1, ""quantity_per_lot"": 1, ""raw_open"": 531.8, ""side"": ""SELL"", ""strike"": 79400.0}]",5.0,CLOSED,80436.84,530.8,23.05487088,10592.94512912,True,80436.84,10592.94512912,Sell Put,ENTER,1.0
development,2024-08-23,2024-08-20,Long Synthetic Future,high,0.15573904951526615,0.8849206349206349,80575.52,79763.70401550597,80298.10578105971,81188.38808348853,81720.85248409014,"{""atm"": 80600.0}",-1.6499999999999773,111.6930484149903,109.37109085024944,0.5474,2770.001767590492,4167.791859915256,4167.791859915256,2000.0,83355.83719830512,1.0,2.0,True,eligible,1.0,46.439151294817364,32.90593726,"[{""expiry"": ""2024-08-23"", ""option_type"": ""CE"", ""premium_points"": 406.0, ""qty"": 1, ""quantity_per_lot"": 1, ""raw_open"": 405.0, ""side"": ""BUY"", ""strike"": 80600.0}, {""expiry"": ""2024-08-23"", ""option_type"": ""PE"", ""premium_points"": 404.35, ""qty"": -1, ""quantity_per_lot"": 1, ""raw_open"": 405.35, ""side"": ""SELL"", ""strike"": 80600.0}]",3.0,CLOSED,81086.21,484.5600000000064,45.06118726000016,9646.138812740128,True,81086.21,9646.138812740128,Long Synthetic Future,ENTER,1.0
development,2024-08-30,2024-08-27,Long Synthetic Future,high,0.14740978032944582,0.8293650793650794,81691.45,80848.55602844968,81389.24086090818,82284.67120307361,82783.38745759784,"{""atm"": 81700.0}",5.050000000000011,112.79377136369091,110.49988935330701,0.548,2763.174638726401,4016.4997839419293,4016.4997839419293,2000.0,80329.99567883859,1.0,2.0,True,eligible,1.0,45.877640207677516,32.317522780000004,"[{""expiry"": ""2024-08-30"", ""option_type"": ""CE"", ""premium_points"": 374.25, ""qty"": 1, ""quantity_per_lot"": 1, ""raw_open"": 373.25, ""side"": ""BUY"", ""strike"": 81700.0}, {""expiry"": ""2024-08-30"", ""option_type"": ""PE"", ""premium_points"": 379.3, ""qty"": -1, ""quantity_per_lot"": 1, ""raw_open"": 380.3, ""side"": ""SELL"", ""strike"": 81700.0}]",3.0,CLOSED,82365.77,670.820000000004,48.9617727800001,13367.438227220082,True,82365.77,13367.438227220082,Long Synthetic Future,ENTER,1.0
development,2024-09-06,2024-09-03,Long Synthetic Future,high,0.14192128386918434,0.7976190476190477,82515.57,81678.92702756866,82220.507563515,83129.90988625119,83665.49708180396,"{""atm"": 82500.0}",-31.44999999999999,112.36649492667226,110.05987563809238,0.552,2862.9210247066103,4253.389953450047,4253.389953450047,2000.0,85067.79906900093,1.0,2.0,True,eligible,1.0,46.132385771597,31.711543939999995,"[{""expiry"": ""2024-09-06"", ""option_type"": ""CE"", ""premium_points"": 381.55, ""qty"": 1, ""quantity_per_lot"": 1, ""raw_open"": 380.55, ""side"": ""BUY"", ""strike"": 82500.0}, {""expiry"": ""2024-09-06"", ""option_type"": ""PE"", ""premium_points"": 350.1, ""qty"": -1, ""quantity_per_lot"": 1, ""raw_open"": 351.1, ""side"": ""SELL"", ""strike"": 82500.0}]",3.0,CLOSED,81183.93,-1347.520000000007,31.711543939999995,-26982.11154394014,True,81183.93,-26982.11154394014,Long Synthetic Future,ENTER,1.0
development,2024-09-13,2024-09-10,Buy Call,low,0.09172085492136227,0.21825396825396826,81741.98,80905.82041186222,81445.28227567334,82339.77861111826,82871.70823339933,"{""atm"": 81700.0}",-353.0,224.07088297242615,222.72771082871063,0.4506,354.34317214371555,354.34317214371555,354.34317214371555,2000.0,7086.863442874311,1.0,1.0,True,eligible,1.0,26.863442874310653,12.436670799999998,"[{""expiry"": ""2024-09-13"", ""option_type"": ""CE"", ""premium_points"": 353.0, ""qty"": 1, ""quantity_per_lot"": 1, ""raw_open"": 352.0, ""side"": ""BUY"", ""strike"": 81700.0}]",2.0,CLOSED,82890.94,837.9400000000023,42.21017080000006,16716.589829200046,True,82890.94,16716.589829200046,Buy Call,ENTER,1.0
development,2024-09-20,2024-09-17,Buy Call,low,0.08953795938538403,0.19047619047619047,82932.75,82060.23704330939,82603.83285219944,83494.09683355672,84012.93249005801,"{""atm"": 82900.0}",-459.9,96.59081192137889,95.2637246244772,0.394,461.2270872969016,461.2270872969016,461.2270872969016,2000.0,9224.541745938031,1.0,1.0,True,eligible,1.0,26.54174593803447,12.629475639999999,"[{""expiry"": ""2024-09-20"", ""option_type"": ""CE"", ""premium_points"": 459.9, ""qty"": 1, ""quantity_per_lot"": 1, ""raw_open"": 458.9, ""side"": ""BUY"", ""strike"": 82900.0}]",2.0,CLOSED,84544.31,1184.4099999999976,53.737225639999934,23634.462774359952,True,84544.31,23634.462774359952,Buy Call,ENTER,1.0
development,2024-09-27,2024-09-24,Strip,medium,0.10236575660628883,0.4126984126984127,84884.95,84062.631363803,84615.05090801344,85528.04882384889,86101.9591127025,"{""atm"": 84900.0}",-1399.3,62.83096469541057,59.69711211554133,0.3876,1356.4489420196817,1394.2696607758826,1394.2696607758826,2000.0,27885.39321551765,1.0,3.0,True,eligible,1.0,62.677051597385265,26.12377748,"[{""expiry"": ""2024-09-27"", ""option_type"": ""CE"", ""premium_points"": 434.5, ""qty"": 1, ""quantity_per_lot"": 1, ""raw_open"": 433.5, ""side"": ""BUY"", ""strike"": 84900.0}, {""expiry"": ""2024-09-27"", ""option_type"": ""PE"", ""premium_points"": 482.4, ""qty"": 2, ""quantity_per_lot"": 2, ""raw_open"": 481.4, ""side"": ""BUY"", ""strike"": 84900.0}]",3.0,CLOSED,85571.85,-727.4499999999941,42.920027480000144,-14591.920027479884,True,85571.85,-14591.920027479884,Strip,ENTER,1.0
development,2024-10-04,2024-09-30,Strip,medium,0.10585079488965284,0.4880952380952381,85184.88,84307.09722244013,84877.09592006805,85799.46352340688,86341.17751408092,"{""atm"": 85200.0}",-1324.95,151.59618952399188,148.45102279608682,0.4196,1275.223108888077,1318.2717676570257,1318.2717676570257,2000.0,26365.435353140514,1.0,3.0,True,eligible,1.0,62.9033345580998,25.989679820000003,"[{""expiry"": ""2024-10-04"", ""option_type"": ""CE"", ""premium_points"": 516.45, ""qty"": 1, ""quantity_per_lot"": 1, ""raw_open"": 515.45, ""side"": ""BUY"", ""strike"": 85200.0}, {""expiry"": ""2024-10-04"", ""option_type"": ""PE"", ""premium_points"": 404.25, ""qty"": 2, ""quantity_per_lot"": 2, ""raw_open"": 403.25, ""side"": ""BUY"", ""strike"": 85200.0}]",3.0,CLOSED,81688.45,5698.150000000006,201.56717982000015,113761.43282018011,True,81688.45,113761.43282018011,Strip,ENTER,1.0
development,2024-10-11,2024-10-08,Batman,high,0.14479872589623716,0.8015873015873016,81224.36,80364.3328867136,80905.05497937977,81764.86005799715,82325.50928464605,"{""c65"": 81800.0, ""c80"": 82300.0, ""p20"": 80400.0, ""p35"": 80900.0}",303.54999999999995,252.20605680674407,246.95206624363726,0.8514,1616.6435479868187,2964.6095900027767,2964.6095900027767,2000.0,59292.19180005553,1.0,6.0,True,eligible,1.0,105.07981126213487,90.15230491999999,"[{""expiry"": ""2024-10-11"", ""option_type"": ""PE"", ""premium_points"": 511.85, ""qty"": 1, ""quantity_per_lot"": 1, ""raw_open"": 510.85, ""side"": ""BUY"", ""strike"": 80900.0}, {""expiry"": ""2024-10-11"", ""option_type"": ""PE"", ""premium_points"": 356.9, ""qty"": -2, ""quantity_per_lot"": 2, ""raw_open"": 357.9, ""side"": ""SELL"", ""strike"": 80400.0}, {""expiry"": ""2024-10-11"", ""option_type"": ""CE"", ""premium_points"": 448.1, ""qty"": 1, ""quantity_per_lot"": 1, ""raw_open"": 447.1, ""side"": ""BUY"", ""strike"": 81800.0}, {""expiry"": ""2024-10-11"", ""option_type"": ""CE"", ""premium_points"": 274.85, ""qty"": -2, ""quantity_per_lot"": 2, ""raw_open"": 275.85, ""side"": ""SELL"", ""strike"": 82300.0}]",2.0,CLOSED,81381.36,303.54999999999995,90.15230491999999,5980.8476950799995,True,81381.36,5980.8476950799995,Batman,ENTER,1.0
development,2024-10-18,2024-10-15,Risk Reversal,high,0.13243998057799675,0.7420634920634921,82160.08,81291.9547696136,81837.31926670134,82733.197224007,83282.4315385564,"{""c65"": 82700.0, ""p35"": 81800.0}",29.549999999999983,32.157343323421095,30.229232536849327,0.6672,2378.2736760163903,3627.7210355992515,3627.7210355992515,2000.0,72554.42071198503,1.0,2.0,True,eligible,1.0,38.56221573143499,30.96441756,"[{""expiry"": ""2024-10-18"", ""option_type"": ""CE"", ""premium_points"": 181.9, ""qty"": 1, ""quantity_per_lot"": 1, ""raw_open"": 180.9, ""side"": ""BUY"", ""strike"": 82700.0}, {""expiry"": ""2024-10-18"", ""option_type"": ""PE"", ""premium_points"": 211.45, ""qty"": -1, ""quantity_per_lot"": 1, ""raw_open"": 212.45, ""side"": ""SELL"", ""strike"": 81800.0}]",5.0,CLOSED,81224.75,-545.7,30.96441756,-10944.96441756,True,81224.75,-10944.96441756,Risk Reversal,ENTER,1.0
development,2024-10-25,2024-10-22,Strip,medium,0.11703016821667454,0.6587301587301587,81305.97,80420.32675584313,80966.93304525624,81877.50306919565,82408.49124942394,"{""atm"": 81300.0}",-1226.8,223.11611585433045,219.6149912855126,0.4368,1184.5044025695854,1221.3627085166354,1221.3627085166354,2000.0,24427.254170332708,1.0,3.0,True,eligible,1.0,70.02249137635826,33.774588480000006,"[{""expiry"": ""2024-10-25"", ""option_type"": ""CE"", ""premium_points"": 421.5, ""qty"": 1, ""quantity_per_lot"": 1, ""raw_open"": 420.5, ""side"": ""BUY"", ""strike"": 81300.0}, {""expiry"": ""2024-10-25"", ""option_type"": ""PE"", ""premium_points"": 402.65, ""qty"": 2, ""quantity_per_lot"": 2, ""raw_open"": 401.65, ""side"": ""BUY"", ""strike"": 81300.0}]",3.0,CLOSED,79402.29,2568.6200000000126,128.66008848000033,51243.73991152026,True,79402.29,51243.73991152026,Strip,ENTER,1.0
development,2024-11-08,2024-11-05,,low,,,,,,,,,,,,,,,,,,,,,,,,,,,NO_TRADE,,,,,,,,,NO_TRADE,
development,2024-11-14,2024-11-11,Strip,medium,0.11053508325119604,0.5158730158730159,79304.49,78469.44922901357,79006.00567267761,79855.5928476777,80372.59121179894,"{""atm"": 79300.0}",-1318.0,58.59826461365175,55.15096854288464,0.3916,1274.46175274248,1313.4353788184262,1313.4353788184262,2000.0,26268.707576368524,1.0,3.0,True,eligible,1.0,68.9459214153413,34.5309648,"[{""expiry"": ""2024-11-14"", ""option_type"": ""CE"", ""premium_points"": 451.0, ""qty"": 1, ""quantity_per_lot"": 1, ""raw_open"": 450.0, ""side"": ""BUY"", ""strike"": 79300.0}, {""expiry"": ""2024-11-14"", ""option_type"": ""PE"", ""premium_points"": 433.5, ""qty"": 2, ""quantity_per_lot"": 2, ""raw_open"": 432.5, ""side"": ""BUY"", ""strike"": 79300.0}]",3.0,CLOSED,77580.31,2121.3800000000047,120.51546480000013,42307.08453520009,True,77580.31,42307.08453520009,Strip,ENTER,1.0
development,2024-11-22,2024-11-18,Short Strangle,medium,0.11605951306356825,0.6190476190476191,77376.63,76564.58708333495,77106.90929973398,77926.08040498804,78400.7928007509,"{""c65"": 77900.0, ""p35"": 77100.0}",706.95,130.38273872654213,128.22383920054213,0.6844,2034.9897409787295,3268.940373270351,3268.940373270351,2000.0,65378.807465407015,1.0,2.0,True,eligible,1.0,43.17799052,43.17799052,"[{""expiry"": ""2024-11-22"", ""option_type"": ""PE"", ""premium_points"": 405.55, ""qty"": -1, ""quantity_per_lot"": 1, ""raw_open"": 406.55, ""side"": ""SELL"", ""strike"": 77100.0}, {""expiry"": ""2024-11-22"", ""option_type"": ""CE"", ""premium_points"": 301.4, ""qty"": -1, ""quantity_per_lot"": 1, ""raw_open"": 302.4, ""side"": ""SELL"", ""strike"": 77900.0}]",3.0,CLOSED,79117.11,-510.16000000000054,43.17799052,-10246.377990520012,True,79117.11,-10246.377990520012,Short Strangle,ENTER,1.0
development,2024-11-29,2024-11-26,Long Synthetic Future,high,0.1544924897093339,0.8650793650793651,80362.52,79518.23311052355,80041.90809311415,80937.17160324272,81493.41808251315,"{""atm"": 80400.0}",90.55000000000001,173.54216548203203,170.73830052663925,0.5624,2714.543707766598,4164.043722273176,4164.043722273176,2000.0,83280.87444546353,1.0,2.0,True,eligible,1.0,56.07729910785532,42.78592332,"[{""expiry"": ""2024-11-29"", ""option_type"": ""CE"", ""premium_points"": 463.45, ""qty"": 1, ""quantity_per_lot"": 1, ""raw_open"": 462.45, ""side"": ""BUY"", ""strike"": 80400.0}, {""expiry"": ""2024-11-29"", ""option_type"": ""PE"", ""premium_points"": 554.0, ""qty"": -1, ""quantity_per_lot"": 1, ""raw_open"": 555.0, ""side"": ""SELL"", ""strike"": 80400.0}]",3.0,CLOSED,79802.79,-506.6600000000064,42.78592332,-10175.985923320128,True,79802.79,-10175.985923320128,Long Synthetic Future,ENTER,1.0
development,2024-12-06,2024-12-03,Batman,high,0.15982821729843882,0.9166666666666666,80298.92,79419.1470662015,79978.23809916794,80852.1134471757,81412.83717582394,"{""c65"": 80900.0, ""c80"": 81400.0, ""p20"": 79400.0, ""p35"": 80000.0}",167.25,157.8452992149258,152.9564435714038,0.8424,1624.9098071711328,2981.9226115438178,2981.9226115438178,2000.0,59638.452230876355,1.0,6.0,True,eligible,1.0,97.77711287044053,82.7357626,"[{""expiry"": ""2024-12-06"", ""option_type"": ""PE"", ""premium_points"": 477.75, ""qty"": 1, ""quantity_per_lot"": 1, ""raw_open"": 476.75, ""side"": ""BUY"", ""strike"": 80000.0}, {""expiry"": ""2024-12-06"", ""option_type"": ""PE"", ""premium_points"": 296.05, ""qty"": -2, ""quantity_per_lot"": 2, ""raw_open"": 297.05, ""side"": ""SELL"", ""strike"": 79400.0}, {""expiry"": ""2024-12-06"", ""option_type"": ""CE"", ""premium_points"": 381.0, ""qty"": 1, ""quantity_per_lot"": 1, ""raw_open"": 380.0, ""side"": ""BUY"", ""strike"": 80900.0}, {""expiry"": ""2024-12-06"", ""option_type"": ""CE"", ""premium_points"": 216.95, ""qty"": -2, ""quantity_per_lot"": 2, ""raw_open"": 217.95, ""side"": ""SELL"", ""strike"": 81400.0}]",2.0,CLOSED,81709.12,358.13000000000466,102.96376259999988,7059.636237400093,True,81709.12,7059.636237400093,Batman,ENTER,1.0
development,2024-12-13,2024-12-10,Sell Put,high,0.1453019037897224,0.75,81424.3,80575.213314151,81115.43493564586,81980.56786512426,82504.39952969059,"{""atm"": 81400.0}",480.7,45.287772723475975,44.032157047476005,0.7116,2470.6548609266065,4154.532937310551,4154.532937310551,2000.0,83090.658746211,1.0,1.0,True,eligible,1.0,25.11231352,25.11231352,"[{""expiry"": ""2024-12-13"", ""option_type"": ""PE"", ""premium_points"": 480.7, ""qty"": -1, ""quantity_per_lot"": 1, ""raw_open"": 481.7, ""side"": ""SELL"", ""strike"": 81400.0}]",5.0,CLOSED,82133.12,480.7,25.11231352,9588.88768648,True,82133.12,9588.88768648,Sell Put,ENTER,1.0
development,2024-12-20,2024-12-17,Batman,high,0.13395368672876617,0.6904761904761905,81505.33,80677.0172141511,81217.57461631313,82128.06399552624,82628.5755797163,"{""c65"": 82100.0, ""c80"": 82600.0, ""p20"": 80700.0, ""p35"": 81200.0}",208.2,165.75092027603114,160.86863804096336,0.8328,1602.1142246884529,2718.8433631016915,2718.8433631016915,2000.0,54376.86726203383,1.0,6.0,True,eligible,1.0,97.64564470135643,82.87836816000001,"[{""expiry"": ""2024-12-20"", ""option_type"": ""PE"", ""premium_points"": 422.2, ""qty"": 1, ""quantity_per_lot"": 1, ""raw_open"": 421.2, ""side"": ""BUY"", ""strike"": 81200.0}, {""expiry"": ""2024-12-20"", ""option_type"": ""PE"", ""premium_points"": 262.7, ""qty"": -2, ""quantity_per_lot"": 2, ""raw_open"": 263.7, ""side"": ""SELL"", ""strike"": 80700.0}, {""expiry"": ""2024-12-20"", ""option_type"": ""CE"", ""premium_points"": 409.0, ""qty"": 1, ""quantity_per_lot"": 1, ""raw_open"": 408.0, ""side"": ""BUY"", ""strike"": 82100.0}, {""expiry"": ""2024-12-20"", ""option_type"": ""CE"", ""premium_points"": 257.0, ""qty"": -2, ""quantity_per_lot"": 2, ""raw_open"": 258.0, ""side"": ""SELL"", ""strike"": 82600.0}]",2.0,CLOSED,78041.59,-1950.2100000000034,161.8386181600001,-39166.03861816007,True,78041.59,-39166.03861816007,Batman,ENTER,1.0
development,2024-12-27,2024-12-23,Batman,high,0.13539323593139985,0.6785714285714286,78551.15,77751.62523268686,78268.2158964128,79106.17028432047,79585.09186144269,"{""c65"": 79100.0, ""c80"": 79600.0, ""p20"": 77800.0, ""p35"": 78300.0}",238.15000000000003,208.64453857402015,203.67605740713714,0.8396,1470.9142089127427,2631.5266026811414,2631.5266026811414,2000.0,52630.532053622825,1.0,6.0,True,eligible,1.0,99.36962333765801,84.76041708,"[{""expiry"": ""2024-12-27"", ""option_type"": ""PE"", ""premium_points"": 442.05, ""qty"": 1, ""quantity_per_lot"": 1, ""raw_open"": 441.05, ""side"": ""BUY"", ""strike"": 78300.0}, {""expiry"": ""2024-12-27"", ""option_type"": ""PE"", ""premium_points"": 282.45, ""qty"": -2, ""quantity_per_lot"": 2, ""raw_open"": 283.45, ""side"": ""SELL"", ""strike"": 77800.0}, {""expiry"": ""2024-12-27"", ""option_type"": ""CE"", ""premium_points"": 418.4, ""qty"": 1, ""quantity_per_lot"": 1, ""raw_open"": 417.4, ""side"": ""BUY"", ""strike"": 79100.0}, {""expiry"": ""2024-12-27"", ""option_type"": ""CE"", ""premium_points"": 266.85, ""qty"": -2, ""quantity_per_lot"": 2, ""raw_open"": 267.85, ""side"": ""SELL"", ""strike"": 79600.0}]",2.0,CLOSED,78699.07,238.15000000000003,84.76041708,4678.239582920001,True,78699.07,4678.239582920001,Batman,ENTER,1.0
